row,reason,name,description
1,Cannot read properties of undefined (reading 'push'),Katill,Noida-sec-1
2,Cannot read properties of undefined (reading 'push'),katill2,Noida-sec-2
3,Cannot read properties of undefined (reading 'push'),katill3,Noida-sec-3
4,Cannot read properties of undefined (reading 'push'),katill4,Noida-sec-4
5,Cannot read properties of undefined (reading 'push'),katill5,Noida-sec-5
6,Cannot read properties of undefined (reading 'push'),katill6,Noida-sec-6
7,Cannot read properties of undefined (reading 'push'),katill7,Noida-sec-7
8,Cannot read properties of undefined (reading 'push'),katill8,Noida-sec-8
9,Cannot read properties of undefined (reading 'push'),katill9,Noida-sec-9
10,Cannot read properties of undefined (reading 'push'),katill10,Noida-sec-10
11,Cannot read properties of undefined (reading 'push'),katill11,Noida-sec-11
12,Cannot read properties of undefined (reading 'push'),katill12,Noida-sec-12
13,Cannot read properties of undefined (reading 'push'),katill13,Noida-sec-13
14,Cannot read properties of undefined (reading 'push'),katill14,Noida-sec-14
15,Cannot read properties of undefined (reading 'push'),katill15,Noida-sec-15
16,Cannot read properties of undefined (reading 'push'),katill16,Noida-sec-16
17,Cannot read properties of undefined (reading 'push'),katill17,Noida-sec-17
18,Cannot read properties of undefined (reading 'push'),katill18,Noida-sec-18
19,Cannot read properties of undefined (reading 'push'),katill19,Noida-sec-19
20,Cannot read properties of undefined (reading 'push'),katill20,Noida-sec-20
21,Cannot read properties of undefined (reading 'push'),katill21,Noida-sec-21
22,Cannot read properties of undefined (reading 'push'),katill22,Noida-sec-22
23,Cannot read properties of undefined (reading 'push'),katill23,Noida-sec-23
24,Cannot read properties of undefined (reading 'push'),katill24,Noida-sec-24
25,Cannot read properties of undefined (reading 'push'),katill25,Noida-sec-25
26,Cannot read properties of undefined (reading 'push'),katill26,Noida-sec-26
27,Cannot read properties of undefined (reading 'push'),katill27,Noida-sec-27
28,Cannot read properties of undefined (reading 'push'),katill28,Noida-sec-28
29,Cannot read properties of undefined (reading 'push'),katill29,Noida-sec-29
30,Cannot read properties of undefined (reading 'push'),katill30,Noida-sec-30
31,Cannot read properties of undefined (reading 'push'),katill31,Noida-sec-31
32,Cannot read properties of undefined (reading 'push'),katill32,Noida-sec-32
33,Cannot read properties of undefined (reading 'push'),katill33,Noida-sec-33
34,Cannot read properties of undefined (reading 'push'),katill34,Noida-sec-34
35,Cannot read properties of undefined (reading 'push'),katill35,Noida-sec-35
36,Cannot read properties of undefined (reading 'push'),katill36,Noida-sec-36
37,Cannot read properties of undefined (reading 'push'),katill37,Noida-sec-37
38,Cannot read properties of undefined (reading 'push'),katill38,Noida-sec-38
39,Cannot read properties of undefined (reading 'push'),katill39,Noida-sec-39
40,Cannot read properties of undefined (reading 'push'),katill40,Noida-sec-40
41,Cannot read properties of undefined (reading 'push'),katill41,Noida-sec-41
42,Cannot read properties of undefined (reading 'push'),katill42,Noida-sec-42
43,Cannot read properties of undefined (reading 'push'),katill43,Noida-sec-43
44,Cannot read properties of undefined (reading 'push'),katill44,Noida-sec-44
45,Cannot read properties of undefined (reading 'push'),katill45,Noida-sec-45
46,Cannot read properties of undefined (reading 'push'),katill46,Noida-sec-46
47,Cannot read properties of undefined (reading 'push'),katill47,Noida-sec-47
48,Cannot read properties of undefined (reading 'push'),katill48,Noida-sec-48
49,Cannot read properties of undefined (reading 'push'),katill49,Noida-sec-49
50,Cannot read properties of undefined (reading 'push'),katill50,Noida-sec-50
51,Cannot read properties of undefined (reading 'push'),katill51,Noida-sec-51
52,Cannot read properties of undefined (reading 'push'),katill52,Noida-sec-52
53,Cannot read properties of undefined (reading 'push'),katill53,Noida-sec-53
54,Cannot read properties of undefined (reading 'push'),katill54,Noida-sec-54
55,Cannot read properties of undefined (reading 'push'),katill55,Noida-sec-55
56,Cannot read properties of undefined (reading 'push'),katill56,Noida-sec-56
57,Cannot read properties of undefined (reading 'push'),katill57,Noida-sec-57
58,Cannot read properties of undefined (reading 'push'),katill58,Noida-sec-58
59,Cannot read properties of undefined (reading 'push'),katill59,Noida-sec-59
60,Cannot read properties of undefined (reading 'push'),katill60,Noida-sec-60
61,Cannot read properties of undefined (reading 'push'),katill61,Noida-sec-61
62,Cannot read properties of undefined (reading 'push'),katill62,Noida-sec-62
63,Cannot read properties of undefined (reading 'push'),katill63,Noida-sec-63
64,Cannot read properties of undefined (reading 'push'),katill64,Noida-sec-64
65,Cannot read properties of undefined (reading 'push'),katill65,Noida-sec-65
66,Cannot read properties of undefined (reading 'push'),katill66,Noida-sec-66
67,Cannot read properties of undefined (reading 'push'),katill67,Noida-sec-67
68,Cannot read properties of undefined (reading 'push'),katill68,Noida-sec-68
69,Cannot read properties of undefined (reading 'push'),katill69,Noida-sec-69
70,Cannot read properties of undefined (reading 'push'),katill70,Noida-sec-70
71,Cannot read properties of undefined (reading 'push'),katill71,Noida-sec-71
72,Cannot read properties of undefined (reading 'push'),katill72,Noida-sec-72
73,Cannot read properties of undefined (reading 'push'),katill73,Noida-sec-73
74,Cannot read properties of undefined (reading 'push'),katill74,Noida-sec-74
75,Cannot read properties of undefined (reading 'push'),katill75,Noida-sec-75
76,Cannot read properties of undefined (reading 'push'),katill76,Noida-sec-76
77,Cannot read properties of undefined (reading 'push'),katill77,Noida-sec-77
78,Cannot read properties of undefined (reading 'push'),katill78,Noida-sec-78
79,Cannot read properties of undefined (reading 'push'),katill79,Noida-sec-79
80,Cannot read properties of undefined (reading 'push'),katill80,Noida-sec-80
81,Cannot read properties of undefined (reading 'push'),katill81,Noida-sec-81
82,Cannot read properties of undefined (reading 'push'),katill82,Noida-sec-82
83,Cannot read properties of undefined (reading 'push'),katill83,Noida-sec-83
84,Cannot read properties of undefined (reading 'push'),katill84,Noida-sec-84
85,Cannot read properties of undefined (reading 'push'),katill85,Noida-sec-85
86,Cannot read properties of undefined (reading 'push'),katill86,Noida-sec-86
87,Cannot read properties of undefined (reading 'push'),katill87,Noida-sec-87
88,Cannot read properties of undefined (reading 'push'),katill88,Noida-sec-88
89,Cannot read properties of undefined (reading 'push'),katill89,Noida-sec-89
90,Cannot read properties of undefined (reading 'push'),katill90,Noida-sec-90
91,Cannot read properties of undefined (reading 'push'),katill91,Noida-sec-91
92,Cannot read properties of undefined (reading 'push'),katill92,Noida-sec-92
93,Cannot read properties of undefined (reading 'push'),katill93,Noida-sec-93
94,Cannot read properties of undefined (reading 'push'),katill94,Noida-sec-94
95,Cannot read properties of undefined (reading 'push'),katill95,Noida-sec-95
96,Cannot read properties of undefined (reading 'push'),katill96,Noida-sec-96
97,Cannot read properties of undefined (reading 'push'),katill97,Noida-sec-97
98,Cannot read properties of undefined (reading 'push'),katill98,Noida-sec-98
99,Cannot read properties of undefined (reading 'push'),katill99,Noida-sec-99
100,Cannot read properties of undefined (reading 'push'),katill100,Noida-sec-100
101,Cannot read properties of undefined (reading 'push'),katill101,Noida-sec-101
102,Cannot read properties of undefined (reading 'push'),katill102,Noida-sec-102
103,Cannot read properties of undefined (reading 'push'),katill103,Noida-sec-103
104,Cannot read properties of undefined (reading 'push'),katill104,Noida-sec-104
105,Cannot read properties of undefined (reading 'push'),katill105,Noida-sec-105
106,Cannot read properties of undefined (reading 'push'),katill106,Noida-sec-106
107,Cannot read properties of undefined (reading 'push'),katill107,Noida-sec-107
108,Cannot read properties of undefined (reading 'push'),katill108,Noida-sec-108
109,Cannot read properties of undefined (reading 'push'),katill109,Noida-sec-109
110,Cannot read properties of undefined (reading 'push'),katill110,Noida-sec-110
111,Cannot read properties of undefined (reading 'push'),katill111,Noida-sec-111
112,Cannot read properties of undefined (reading 'push'),katill112,Noida-sec-112
113,Cannot read properties of undefined (reading 'push'),katill113,Noida-sec-113
114,Cannot read properties of undefined (reading 'push'),katill114,Noida-sec-114
115,Cannot read properties of undefined (reading 'push'),katill115,Noida-sec-115
116,Cannot read properties of undefined (reading 'push'),katill116,Noida-sec-116
117,Cannot read properties of undefined (reading 'push'),katill117,Noida-sec-117
118,Cannot read properties of undefined (reading 'push'),katill118,Noida-sec-118
119,Cannot read properties of undefined (reading 'push'),katill119,Noida-sec-119
120,Cannot read properties of undefined (reading 'push'),katill120,Noida-sec-120
121,Cannot read properties of undefined (reading 'push'),katill121,Noida-sec-121
122,Cannot read properties of undefined (reading 'push'),katill122,Noida-sec-122
123,Cannot read properties of undefined (reading 'push'),katill123,Noida-sec-123
124,Cannot read properties of undefined (reading 'push'),katill124,Noida-sec-124
125,Cannot read properties of undefined (reading 'push'),katill125,Noida-sec-125
126,Cannot read properties of undefined (reading 'push'),katill126,Noida-sec-126
127,Cannot read properties of undefined (reading 'push'),katill127,Noida-sec-127
128,Cannot read properties of undefined (reading 'push'),katill128,Noida-sec-128
129,Cannot read properties of undefined (reading 'push'),katill129,Noida-sec-129
130,Cannot read properties of undefined (reading 'push'),katill130,Noida-sec-130
131,Cannot read properties of undefined (reading 'push'),katill131,Noida-sec-131
132,Cannot read properties of undefined (reading 'push'),katill132,Noida-sec-132
133,Cannot read properties of undefined (reading 'push'),katill133,Noida-sec-133
134,Cannot read properties of undefined (reading 'push'),katill134,Noida-sec-134
135,Cannot read properties of undefined (reading 'push'),katill135,Noida-sec-135
136,Cannot read properties of undefined (reading 'push'),katill136,Noida-sec-136
137,Cannot read properties of undefined (reading 'push'),katill137,Noida-sec-137
138,Cannot read properties of undefined (reading 'push'),katill138,Noida-sec-138
139,Cannot read properties of undefined (reading 'push'),katill139,Noida-sec-139
140,Cannot read properties of undefined (reading 'push'),katill140,Noida-sec-140
141,Cannot read properties of undefined (reading 'push'),katill141,Noida-sec-141
142,Cannot read properties of undefined (reading 'push'),katill142,Noida-sec-142
143,Cannot read properties of undefined (reading 'push'),katill143,Noida-sec-143
144,Cannot read properties of undefined (reading 'push'),katill144,Noida-sec-144
145,Cannot read properties of undefined (reading 'push'),katill145,Noida-sec-145
146,Cannot read properties of undefined (reading 'push'),katill146,Noida-sec-146
147,Cannot read properties of undefined (reading 'push'),katill147,Noida-sec-147
148,Cannot read properties of undefined (reading 'push'),katill148,Noida-sec-148
149,Cannot read properties of undefined (reading 'push'),katill149,Noida-sec-149
150,Cannot read properties of undefined (reading 'push'),katill150,Noida-sec-150
151,Cannot read properties of undefined (reading 'push'),katill151,Noida-sec-151
152,Cannot read properties of undefined (reading 'push'),katill152,Noida-sec-152
153,Cannot read properties of undefined (reading 'push'),katill153,Noida-sec-153
154,Cannot read properties of undefined (reading 'push'),katill154,Noida-sec-154
155,Cannot read properties of undefined (reading 'push'),katill155,Noida-sec-155
156,Cannot read properties of undefined (reading 'push'),katill156,Noida-sec-156
157,Cannot read properties of undefined (reading 'push'),katill157,Noida-sec-157
158,Cannot read properties of undefined (reading 'push'),katill158,Noida-sec-158
159,Cannot read properties of undefined (reading 'push'),katill159,Noida-sec-159
160,Cannot read properties of undefined (reading 'push'),katill160,Noida-sec-160
161,Cannot read properties of undefined (reading 'push'),katill161,Noida-sec-161
162,Cannot read properties of undefined (reading 'push'),katill162,Noida-sec-162
163,Cannot read properties of undefined (reading 'push'),katill163,Noida-sec-163
164,Cannot read properties of undefined (reading 'push'),katill164,Noida-sec-164
165,Cannot read properties of undefined (reading 'push'),katill165,Noida-sec-165
166,Cannot read properties of undefined (reading 'push'),katill166,Noida-sec-166
167,Cannot read properties of undefined (reading 'push'),katill167,Noida-sec-167
168,Cannot read properties of undefined (reading 'push'),katill168,Noida-sec-168
169,Cannot read properties of undefined (reading 'push'),katill169,Noida-sec-169
170,Cannot read properties of undefined (reading 'push'),katill170,Noida-sec-170
171,Cannot read properties of undefined (reading 'push'),katill171,Noida-sec-171
172,Cannot read properties of undefined (reading 'push'),katill172,Noida-sec-172
173,Cannot read properties of undefined (reading 'push'),katill173,Noida-sec-173
174,Cannot read properties of undefined (reading 'push'),katill174,Noida-sec-174
175,Cannot read properties of undefined (reading 'push'),katill175,Noida-sec-175
176,Cannot read properties of undefined (reading 'push'),katill176,Noida-sec-176
177,Cannot read properties of undefined (reading 'push'),katill177,Noida-sec-177
178,Cannot read properties of undefined (reading 'push'),katill178,Noida-sec-178
179,Cannot read properties of undefined (reading 'push'),katill179,Noida-sec-179
180,Cannot read properties of undefined (reading 'push'),katill180,Noida-sec-180
181,Cannot read properties of undefined (reading 'push'),katill181,Noida-sec-181
182,Cannot read properties of undefined (reading 'push'),katill182,Noida-sec-182
183,Cannot read properties of undefined (reading 'push'),katill183,Noida-sec-183
184,Cannot read properties of undefined (reading 'push'),katill184,Noida-sec-184
185,Cannot read properties of undefined (reading 'push'),katill185,Noida-sec-185
186,Cannot read properties of undefined (reading 'push'),katill186,Noida-sec-186
187,Cannot read properties of undefined (reading 'push'),katill187,Noida-sec-187
188,Cannot read properties of undefined (reading 'push'),katill188,Noida-sec-188
189,Cannot read properties of undefined (reading 'push'),katill189,Noida-sec-189
190,Cannot read properties of undefined (reading 'push'),katill190,Noida-sec-190
191,Cannot read properties of undefined (reading 'push'),katill191,Noida-sec-191
192,Cannot read properties of undefined (reading 'push'),katill192,Noida-sec-192
193,Cannot read properties of undefined (reading 'push'),katill193,Noida-sec-193
194,Cannot read properties of undefined (reading 'push'),katill194,Noida-sec-194
195,Cannot read properties of undefined (reading 'push'),katill195,Noida-sec-195
196,Cannot read properties of undefined (reading 'push'),katill196,Noida-sec-196
197,Cannot read properties of undefined (reading 'push'),katill197,Noida-sec-197
198,Cannot read properties of undefined (reading 'push'),katill198,Noida-sec-198
199,Cannot read properties of undefined (reading 'push'),katill199,Noida-sec-199
200,Cannot read properties of undefined (reading 'push'),katill200,Noida-sec-200
201,Cannot read properties of undefined (reading 'push'),katill201,Noida-sec-201
202,Cannot read properties of undefined (reading 'push'),katill202,Noida-sec-202
203,Cannot read properties of undefined (reading 'push'),katill203,Noida-sec-203
204,Cannot read properties of undefined (reading 'push'),katill204,Noida-sec-204
205,Cannot read properties of undefined (reading 'push'),katill205,Noida-sec-205
206,Cannot read properties of undefined (reading 'push'),katill206,Noida-sec-206
207,Cannot read properties of undefined (reading 'push'),katill207,Noida-sec-207
208,Cannot read properties of undefined (reading 'push'),katill208,Noida-sec-208
209,Cannot read properties of undefined (reading 'push'),katill209,Noida-sec-209
210,Cannot read properties of undefined (reading 'push'),katill210,Noida-sec-210
211,Cannot read properties of undefined (reading 'push'),katill211,Noida-sec-211
212,Cannot read properties of undefined (reading 'push'),katill212,Noida-sec-212
213,Cannot read properties of undefined (reading 'push'),katill213,Noida-sec-213
214,Cannot read properties of undefined (reading 'push'),katill214,Noida-sec-214
215,Cannot read properties of undefined (reading 'push'),katill215,Noida-sec-215
216,Cannot read properties of undefined (reading 'push'),katill216,Noida-sec-216
217,Cannot read properties of undefined (reading 'push'),katill217,Noida-sec-217
218,Cannot read properties of undefined (reading 'push'),katill218,Noida-sec-218
219,Cannot read properties of undefined (reading 'push'),katill219,Noida-sec-219
220,Cannot read properties of undefined (reading 'push'),katill220,Noida-sec-220
221,Cannot read properties of undefined (reading 'push'),katill221,Noida-sec-221
222,Cannot read properties of undefined (reading 'push'),katill222,Noida-sec-222
223,Cannot read properties of undefined (reading 'push'),katill223,Noida-sec-223
224,Cannot read properties of undefined (reading 'push'),katill224,Noida-sec-224
225,Cannot read properties of undefined (reading 'push'),katill225,Noida-sec-225
226,Cannot read properties of undefined (reading 'push'),katill226,Noida-sec-226
227,Cannot read properties of undefined (reading 'push'),katill227,Noida-sec-227
228,Cannot read properties of undefined (reading 'push'),katill228,Noida-sec-228
229,Cannot read properties of undefined (reading 'push'),katill229,Noida-sec-229
230,Cannot read properties of undefined (reading 'push'),katill230,Noida-sec-230
231,Cannot read properties of undefined (reading 'push'),katill231,Noida-sec-231
232,Cannot read properties of undefined (reading 'push'),katill232,Noida-sec-232
233,Cannot read properties of undefined (reading 'push'),katill233,Noida-sec-233
234,Cannot read properties of undefined (reading 'push'),katill234,Noida-sec-234
235,Cannot read properties of undefined (reading 'push'),katill235,Noida-sec-235
236,Cannot read properties of undefined (reading 'push'),katill236,Noida-sec-236
237,Cannot read properties of undefined (reading 'push'),katill237,Noida-sec-237
238,Cannot read properties of undefined (reading 'push'),katill238,Noida-sec-238
239,Cannot read properties of undefined (reading 'push'),katill239,Noida-sec-239
240,Cannot read properties of undefined (reading 'push'),katill240,Noida-sec-240
241,Cannot read properties of undefined (reading 'push'),katill241,Noida-sec-241
242,Cannot read properties of undefined (reading 'push'),katill242,Noida-sec-242
243,Cannot read properties of undefined (reading 'push'),katill243,Noida-sec-243
244,Cannot read properties of undefined (reading 'push'),katill244,Noida-sec-244
245,Cannot read properties of undefined (reading 'push'),katill245,Noida-sec-245
246,Cannot read properties of undefined (reading 'push'),katill246,Noida-sec-246
247,Cannot read properties of undefined (reading 'push'),katill247,Noida-sec-247
248,Cannot read properties of undefined (reading 'push'),katill248,Noida-sec-248
249,Cannot read properties of undefined (reading 'push'),katill249,Noida-sec-249
250,Cannot read properties of undefined (reading 'push'),katill250,Noida-sec-250
251,Cannot read properties of undefined (reading 'push'),katill251,Noida-sec-251
252,Cannot read properties of undefined (reading 'push'),katill252,Noida-sec-252
253,Cannot read properties of undefined (reading 'push'),katill253,Noida-sec-253
254,Cannot read properties of undefined (reading 'push'),katill254,Noida-sec-254
255,Cannot read properties of undefined (reading 'push'),katill255,Noida-sec-255
256,Cannot read properties of undefined (reading 'push'),katill256,Noida-sec-256
257,Cannot read properties of undefined (reading 'push'),katill257,Noida-sec-257
258,Cannot read properties of undefined (reading 'push'),katill258,Noida-sec-258
259,Cannot read properties of undefined (reading 'push'),katill259,Noida-sec-259
260,Cannot read properties of undefined (reading 'push'),katill260,Noida-sec-260
261,Cannot read properties of undefined (reading 'push'),katill261,Noida-sec-261
262,Cannot read properties of undefined (reading 'push'),katill262,Noida-sec-262
263,Cannot read properties of undefined (reading 'push'),katill263,Noida-sec-263
264,Cannot read properties of undefined (reading 'push'),katill264,Noida-sec-264
265,Cannot read properties of undefined (reading 'push'),katill265,Noida-sec-265
266,Cannot read properties of undefined (reading 'push'),katill266,Noida-sec-266
267,Cannot read properties of undefined (reading 'push'),katill267,Noida-sec-267
268,Cannot read properties of undefined (reading 'push'),katill268,Noida-sec-268
269,Cannot read properties of undefined (reading 'push'),katill269,Noida-sec-269
270,Cannot read properties of undefined (reading 'push'),katill270,Noida-sec-270
271,Cannot read properties of undefined (reading 'push'),katill271,Noida-sec-271
272,Cannot read properties of undefined (reading 'push'),katill272,Noida-sec-272
273,Cannot read properties of undefined (reading 'push'),katill273,Noida-sec-273
274,Cannot read properties of undefined (reading 'push'),katill274,Noida-sec-274
275,Cannot read properties of undefined (reading 'push'),katill275,Noida-sec-275
276,Cannot read properties of undefined (reading 'push'),katill276,Noida-sec-276
277,Cannot read properties of undefined (reading 'push'),katill277,Noida-sec-277
278,Cannot read properties of undefined (reading 'push'),katill278,Noida-sec-278
279,Cannot read properties of undefined (reading 'push'),katill279,Noida-sec-279
280,Cannot read properties of undefined (reading 'push'),katill280,Noida-sec-280
281,Cannot read properties of undefined (reading 'push'),katill281,Noida-sec-281
282,Cannot read properties of undefined (reading 'push'),katill282,Noida-sec-282
283,Cannot read properties of undefined (reading 'push'),katill283,Noida-sec-283
284,Cannot read properties of undefined (reading 'push'),katill284,Noida-sec-284
285,Cannot read properties of undefined (reading 'push'),katill285,Noida-sec-285
286,Cannot read properties of undefined (reading 'push'),katill286,Noida-sec-286
287,Cannot read properties of undefined (reading 'push'),katill287,Noida-sec-287
288,Cannot read properties of undefined (reading 'push'),katill288,Noida-sec-288
289,Cannot read properties of undefined (reading 'push'),katill289,Noida-sec-289
290,Cannot read properties of undefined (reading 'push'),katill290,Noida-sec-290
291,Cannot read properties of undefined (reading 'push'),katill291,Noida-sec-291
292,Cannot read properties of undefined (reading 'push'),katill292,Noida-sec-292
293,Cannot read properties of undefined (reading 'push'),katill293,Noida-sec-293
294,Cannot read properties of undefined (reading 'push'),katill294,Noida-sec-294
295,Cannot read properties of undefined (reading 'push'),katill295,Noida-sec-295
296,Cannot read properties of undefined (reading 'push'),katill296,Noida-sec-296
297,Cannot read properties of undefined (reading 'push'),katill297,Noida-sec-297
298,Cannot read properties of undefined (reading 'push'),katill298,Noida-sec-298
299,Cannot read properties of undefined (reading 'push'),katill299,Noida-sec-299
300,Cannot read properties of undefined (reading 'push'),katill300,Noida-sec-300
301,Cannot read properties of undefined (reading 'push'),katill301,Noida-sec-301
302,Cannot read properties of undefined (reading 'push'),katill302,Noida-sec-302
303,Cannot read properties of undefined (reading 'push'),katill303,Noida-sec-303
304,Cannot read properties of undefined (reading 'push'),katill304,Noida-sec-304
305,Cannot read properties of undefined (reading 'push'),katill305,Noida-sec-305
306,Cannot read properties of undefined (reading 'push'),katill306,Noida-sec-306
307,Cannot read properties of undefined (reading 'push'),katill307,Noida-sec-307
308,Cannot read properties of undefined (reading 'push'),katill308,Noida-sec-308
309,Cannot read properties of undefined (reading 'push'),katill309,Noida-sec-309
310,Cannot read properties of undefined (reading 'push'),katill310,Noida-sec-310
311,Cannot read properties of undefined (reading 'push'),katill311,Noida-sec-311
312,Cannot read properties of undefined (reading 'push'),katill312,Noida-sec-312
313,Cannot read properties of undefined (reading 'push'),katill313,Noida-sec-313
314,Cannot read properties of undefined (reading 'push'),katill314,Noida-sec-314
315,Cannot read properties of undefined (reading 'push'),katill315,Noida-sec-315
316,Cannot read properties of undefined (reading 'push'),katill316,Noida-sec-316
317,Cannot read properties of undefined (reading 'push'),katill317,Noida-sec-317
318,Cannot read properties of undefined (reading 'push'),katill318,Noida-sec-318
319,Cannot read properties of undefined (reading 'push'),katill319,Noida-sec-319
320,Cannot read properties of undefined (reading 'push'),katill320,Noida-sec-320
321,Cannot read properties of undefined (reading 'push'),katill321,Noida-sec-321
322,Cannot read properties of undefined (reading 'push'),katill322,Noida-sec-322
323,Cannot read properties of undefined (reading 'push'),katill323,Noida-sec-323
324,Cannot read properties of undefined (reading 'push'),katill324,Noida-sec-324
325,Cannot read properties of undefined (reading 'push'),katill325,Noida-sec-325
326,Cannot read properties of undefined (reading 'push'),katill326,Noida-sec-326
327,Cannot read properties of undefined (reading 'push'),katill327,Noida-sec-327
328,Cannot read properties of undefined (reading 'push'),katill328,Noida-sec-328
329,Cannot read properties of undefined (reading 'push'),katill329,Noida-sec-329
330,Cannot read properties of undefined (reading 'push'),katill330,Noida-sec-330
331,Cannot read properties of undefined (reading 'push'),katill331,Noida-sec-331
332,Cannot read properties of undefined (reading 'push'),katill332,Noida-sec-332
333,Cannot read properties of undefined (reading 'push'),katill333,Noida-sec-333
334,Cannot read properties of undefined (reading 'push'),katill334,Noida-sec-334
335,Cannot read properties of undefined (reading 'push'),katill335,Noida-sec-335
336,Cannot read properties of undefined (reading 'push'),katill336,Noida-sec-336
337,Cannot read properties of undefined (reading 'push'),katill337,Noida-sec-337
338,Cannot read properties of undefined (reading 'push'),katill338,Noida-sec-338
339,Cannot read properties of undefined (reading 'push'),katill339,Noida-sec-339
340,Cannot read properties of undefined (reading 'push'),katill340,Noida-sec-340
341,Cannot read properties of undefined (reading 'push'),katill341,Noida-sec-341
342,Cannot read properties of undefined (reading 'push'),katill342,Noida-sec-342
343,Cannot read properties of undefined (reading 'push'),katill343,Noida-sec-343
344,Cannot read properties of undefined (reading 'push'),katill344,Noida-sec-344
345,Cannot read properties of undefined (reading 'push'),katill345,Noida-sec-345
346,Cannot read properties of undefined (reading 'push'),katill346,Noida-sec-346
347,Cannot read properties of undefined (reading 'push'),katill347,Noida-sec-347
348,Cannot read properties of undefined (reading 'push'),katill348,Noida-sec-348
349,Cannot read properties of undefined (reading 'push'),katill349,Noida-sec-349
350,Cannot read properties of undefined (reading 'push'),katill350,Noida-sec-350
351,Cannot read properties of undefined (reading 'push'),katill351,Noida-sec-351
352,Cannot read properties of undefined (reading 'push'),katill352,Noida-sec-352
353,Cannot read properties of undefined (reading 'push'),katill353,Noida-sec-353
354,Cannot read properties of undefined (reading 'push'),katill354,Noida-sec-354
355,Cannot read properties of undefined (reading 'push'),katill355,Noida-sec-355
356,Cannot read properties of undefined (reading 'push'),katill356,Noida-sec-356
357,Cannot read properties of undefined (reading 'push'),katill357,Noida-sec-357
358,Cannot read properties of undefined (reading 'push'),katill358,Noida-sec-358
359,Cannot read properties of undefined (reading 'push'),katill359,Noida-sec-359
360,Cannot read properties of undefined (reading 'push'),katill360,Noida-sec-360
361,Cannot read properties of undefined (reading 'push'),katill361,Noida-sec-361
362,Cannot read properties of undefined (reading 'push'),katill362,Noida-sec-362
363,Cannot read properties of undefined (reading 'push'),katill363,Noida-sec-363
364,Cannot read properties of undefined (reading 'push'),katill364,Noida-sec-364
365,Cannot read properties of undefined (reading 'push'),katill365,Noida-sec-365
366,Cannot read properties of undefined (reading 'push'),katill366,Noida-sec-366
367,Cannot read properties of undefined (reading 'push'),katill367,Noida-sec-367
368,Cannot read properties of undefined (reading 'push'),katill368,Noida-sec-368
369,Cannot read properties of undefined (reading 'push'),katill369,Noida-sec-369
370,Cannot read properties of undefined (reading 'push'),katill370,Noida-sec-370
371,Cannot read properties of undefined (reading 'push'),katill371,Noida-sec-371
372,Cannot read properties of undefined (reading 'push'),katill372,Noida-sec-372
373,Cannot read properties of undefined (reading 'push'),katill373,Noida-sec-373
374,Cannot read properties of undefined (reading 'push'),katill374,Noida-sec-374
375,Cannot read properties of undefined (reading 'push'),katill375,Noida-sec-375
376,Cannot read properties of undefined (reading 'push'),katill376,Noida-sec-376
377,Cannot read properties of undefined (reading 'push'),katill377,Noida-sec-377
378,Cannot read properties of undefined (reading 'push'),katill378,Noida-sec-378
379,Cannot read properties of undefined (reading 'push'),katill379,Noida-sec-379
380,Cannot read properties of undefined (reading 'push'),katill380,Noida-sec-380
381,Cannot read properties of undefined (reading 'push'),katill381,Noida-sec-381
382,Cannot read properties of undefined (reading 'push'),katill382,Noida-sec-382
383,Cannot read properties of undefined (reading 'push'),katill383,Noida-sec-383
384,Cannot read properties of undefined (reading 'push'),katill384,Noida-sec-384
385,Cannot read properties of undefined (reading 'push'),katill385,Noida-sec-385
386,Cannot read properties of undefined (reading 'push'),katill386,Noida-sec-386
387,Cannot read properties of undefined (reading 'push'),katill387,Noida-sec-387
388,Cannot read properties of undefined (reading 'push'),katill388,Noida-sec-388
389,Cannot read properties of undefined (reading 'push'),katill389,Noida-sec-389
390,Cannot read properties of undefined (reading 'push'),katill390,Noida-sec-390
391,Cannot read properties of undefined (reading 'push'),katill391,Noida-sec-391
392,Cannot read properties of undefined (reading 'push'),katill392,Noida-sec-392
393,Cannot read properties of undefined (reading 'push'),katill393,Noida-sec-393
394,Cannot read properties of undefined (reading 'push'),katill394,Noida-sec-394
395,Cannot read properties of undefined (reading 'push'),katill395,Noida-sec-395
396,Cannot read properties of undefined (reading 'push'),katill396,Noida-sec-396
397,Cannot read properties of undefined (reading 'push'),katill397,Noida-sec-397
398,Cannot read properties of undefined (reading 'push'),katill398,Noida-sec-398
399,Cannot read properties of undefined (reading 'push'),katill399,Noida-sec-399
400,Cannot read properties of undefined (reading 'push'),katill400,Noida-sec-400
401,Cannot read properties of undefined (reading 'push'),katill401,Noida-sec-401
402,Cannot read properties of undefined (reading 'push'),katill402,Noida-sec-402
403,Cannot read properties of undefined (reading 'push'),katill403,Noida-sec-403
404,Cannot read properties of undefined (reading 'push'),katill404,Noida-sec-404
405,Cannot read properties of undefined (reading 'push'),katill405,Noida-sec-405
406,Cannot read properties of undefined (reading 'push'),katill406,Noida-sec-406
407,Cannot read properties of undefined (reading 'push'),katill407,Noida-sec-407
408,Cannot read properties of undefined (reading 'push'),katill408,Noida-sec-408
409,Cannot read properties of undefined (reading 'push'),katill409,Noida-sec-409
410,Cannot read properties of undefined (reading 'push'),katill410,Noida-sec-410
411,Cannot read properties of undefined (reading 'push'),katill411,Noida-sec-411
412,Cannot read properties of undefined (reading 'push'),katill412,Noida-sec-412
413,Cannot read properties of undefined (reading 'push'),katill413,Noida-sec-413
414,Cannot read properties of undefined (reading 'push'),katill414,Noida-sec-414
415,Cannot read properties of undefined (reading 'push'),katill415,Noida-sec-415
416,Cannot read properties of undefined (reading 'push'),katill416,Noida-sec-416
417,Cannot read properties of undefined (reading 'push'),katill417,Noida-sec-417
418,Cannot read properties of undefined (reading 'push'),katill418,Noida-sec-418
419,Cannot read properties of undefined (reading 'push'),katill419,Noida-sec-419
420,Cannot read properties of undefined (reading 'push'),katill420,Noida-sec-420
421,Cannot read properties of undefined (reading 'push'),katill421,Noida-sec-421
422,Cannot read properties of undefined (reading 'push'),katill422,Noida-sec-422
423,Cannot read properties of undefined (reading 'push'),katill423,Noida-sec-423
424,Cannot read properties of undefined (reading 'push'),katill424,Noida-sec-424
425,Cannot read properties of undefined (reading 'push'),katill425,Noida-sec-425
426,Cannot read properties of undefined (reading 'push'),katill426,Noida-sec-426
427,Cannot read properties of undefined (reading 'push'),katill427,Noida-sec-427
428,Cannot read properties of undefined (reading 'push'),katill428,Noida-sec-428
429,Cannot read properties of undefined (reading 'push'),katill429,Noida-sec-429
430,Cannot read properties of undefined (reading 'push'),katill430,Noida-sec-430
431,Cannot read properties of undefined (reading 'push'),katill431,Noida-sec-431
432,Cannot read properties of undefined (reading 'push'),katill432,Noida-sec-432
433,Cannot read properties of undefined (reading 'push'),katill433,Noida-sec-433
434,Cannot read properties of undefined (reading 'push'),katill434,Noida-sec-434
435,Cannot read properties of undefined (reading 'push'),katill435,Noida-sec-435
436,Cannot read properties of undefined (reading 'push'),katill436,Noida-sec-436
437,Cannot read properties of undefined (reading 'push'),katill437,Noida-sec-437
438,Cannot read properties of undefined (reading 'push'),katill438,Noida-sec-438
439,Cannot read properties of undefined (reading 'push'),katill439,Noida-sec-439
440,Cannot read properties of undefined (reading 'push'),katill440,Noida-sec-440
441,Cannot read properties of undefined (reading 'push'),katill441,Noida-sec-441
442,Cannot read properties of undefined (reading 'push'),katill442,Noida-sec-442
443,Cannot read properties of undefined (reading 'push'),katill443,Noida-sec-443
444,Cannot read properties of undefined (reading 'push'),katill444,Noida-sec-444
445,Cannot read properties of undefined (reading 'push'),katill445,Noida-sec-445
446,Cannot read properties of undefined (reading 'push'),katill446,Noida-sec-446
447,Cannot read properties of undefined (reading 'push'),katill447,Noida-sec-447
448,Cannot read properties of undefined (reading 'push'),katill448,Noida-sec-448
449,Cannot read properties of undefined (reading 'push'),katill449,Noida-sec-449
450,Cannot read properties of undefined (reading 'push'),katill450,Noida-sec-450
451,Cannot read properties of undefined (reading 'push'),katill451,Noida-sec-451
452,Cannot read properties of undefined (reading 'push'),katill452,Noida-sec-452
453,Cannot read properties of undefined (reading 'push'),katill453,Noida-sec-453
454,Cannot read properties of undefined (reading 'push'),katill454,Noida-sec-454
455,Cannot read properties of undefined (reading 'push'),katill455,Noida-sec-455
456,Cannot read properties of undefined (reading 'push'),katill456,Noida-sec-456
457,Cannot read properties of undefined (reading 'push'),katill457,Noida-sec-457
458,Cannot read properties of undefined (reading 'push'),katill458,Noida-sec-458
459,Cannot read properties of undefined (reading 'push'),katill459,Noida-sec-459
460,Cannot read properties of undefined (reading 'push'),katill460,Noida-sec-460
461,Cannot read properties of undefined (reading 'push'),katill461,Noida-sec-461
462,Cannot read properties of undefined (reading 'push'),katill462,Noida-sec-462
463,Cannot read properties of undefined (reading 'push'),katill463,Noida-sec-463
464,Cannot read properties of undefined (reading 'push'),katill464,Noida-sec-464
465,Cannot read properties of undefined (reading 'push'),katill465,Noida-sec-465
466,Cannot read properties of undefined (reading 'push'),katill466,Noida-sec-466
467,Cannot read properties of undefined (reading 'push'),katill467,Noida-sec-467
468,Cannot read properties of undefined (reading 'push'),katill468,Noida-sec-468
469,Cannot read properties of undefined (reading 'push'),katill469,Noida-sec-469
470,Cannot read properties of undefined (reading 'push'),katill470,Noida-sec-470
471,Cannot read properties of undefined (reading 'push'),katill471,Noida-sec-471
472,Cannot read properties of undefined (reading 'push'),katill472,Noida-sec-472
473,Cannot read properties of undefined (reading 'push'),katill473,Noida-sec-473
474,Cannot read properties of undefined (reading 'push'),katill474,Noida-sec-474
475,Cannot read properties of undefined (reading 'push'),katill475,Noida-sec-475
476,Cannot read properties of undefined (reading 'push'),katill476,Noida-sec-476
477,Cannot read properties of undefined (reading 'push'),katill477,Noida-sec-477
478,Cannot read properties of undefined (reading 'push'),katill478,Noida-sec-478
479,Cannot read properties of undefined (reading 'push'),katill479,Noida-sec-479
480,Cannot read properties of undefined (reading 'push'),katill480,Noida-sec-480
481,Cannot read properties of undefined (reading 'push'),katill481,Noida-sec-481
482,Cannot read properties of undefined (reading 'push'),katill482,Noida-sec-482
483,Cannot read properties of undefined (reading 'push'),katill483,Noida-sec-483
484,Cannot read properties of undefined (reading 'push'),katill484,Noida-sec-484
485,Cannot read properties of undefined (reading 'push'),katill485,Noida-sec-485
486,Cannot read properties of undefined (reading 'push'),katill486,Noida-sec-486
487,Cannot read properties of undefined (reading 'push'),katill487,Noida-sec-487
488,Cannot read properties of undefined (reading 'push'),katill488,Noida-sec-488
489,Cannot read properties of undefined (reading 'push'),katill489,Noida-sec-489
490,Cannot read properties of undefined (reading 'push'),katill490,Noida-sec-490
491,Cannot read properties of undefined (reading 'push'),katill491,Noida-sec-491
492,Cannot read properties of undefined (reading 'push'),katill492,Noida-sec-492
493,Cannot read properties of undefined (reading 'push'),katill493,Noida-sec-493
494,Cannot read properties of undefined (reading 'push'),katill494,Noida-sec-494
495,Cannot read properties of undefined (reading 'push'),katill495,Noida-sec-495
496,Cannot read properties of undefined (reading 'push'),katill496,Noida-sec-496
497,Cannot read properties of undefined (reading 'push'),katill497,Noida-sec-497
498,Cannot read properties of undefined (reading 'push'),katill498,Noida-sec-498
499,Cannot read properties of undefined (reading 'push'),katill499,Noida-sec-499
500,Cannot read properties of undefined (reading 'push'),katill500,Noida-sec-500
501,Cannot read properties of undefined (reading 'push'),katill501,Noida-sec-501
502,Cannot read properties of undefined (reading 'push'),katill502,Noida-sec-502
503,Cannot read properties of undefined (reading 'push'),katill503,Noida-sec-503
504,Cannot read properties of undefined (reading 'push'),katill504,Noida-sec-504
505,Cannot read properties of undefined (reading 'push'),katill505,Noida-sec-505
506,Cannot read properties of undefined (reading 'push'),katill506,Noida-sec-506
507,Cannot read properties of undefined (reading 'push'),katill507,Noida-sec-507
508,Cannot read properties of undefined (reading 'push'),katill508,Noida-sec-508
509,Cannot read properties of undefined (reading 'push'),katill509,Noida-sec-509
510,Cannot read properties of undefined (reading 'push'),katill510,Noida-sec-510
511,Cannot read properties of undefined (reading 'push'),katill511,Noida-sec-511
512,Cannot read properties of undefined (reading 'push'),katill512,Noida-sec-512
513,Cannot read properties of undefined (reading 'push'),katill513,Noida-sec-513
514,Cannot read properties of undefined (reading 'push'),katill514,Noida-sec-514
515,Cannot read properties of undefined (reading 'push'),katill515,Noida-sec-515
516,Cannot read properties of undefined (reading 'push'),katill516,Noida-sec-516
517,Cannot read properties of undefined (reading 'push'),katill517,Noida-sec-517
518,Cannot read properties of undefined (reading 'push'),katill518,Noida-sec-518
519,Cannot read properties of undefined (reading 'push'),katill519,Noida-sec-519
520,Cannot read properties of undefined (reading 'push'),katill520,Noida-sec-520
521,Cannot read properties of undefined (reading 'push'),katill521,Noida-sec-521
522,Cannot read properties of undefined (reading 'push'),katill522,Noida-sec-522
523,Cannot read properties of undefined (reading 'push'),katill523,Noida-sec-523
524,Cannot read properties of undefined (reading 'push'),katill524,Noida-sec-524
525,Cannot read properties of undefined (reading 'push'),katill525,Noida-sec-525
526,Cannot read properties of undefined (reading 'push'),katill526,Noida-sec-526
527,Cannot read properties of undefined (reading 'push'),katill527,Noida-sec-527
528,Cannot read properties of undefined (reading 'push'),katill528,Noida-sec-528
529,Cannot read properties of undefined (reading 'push'),katill529,Noida-sec-529
530,Cannot read properties of undefined (reading 'push'),katill530,Noida-sec-530
531,Cannot read properties of undefined (reading 'push'),katill531,Noida-sec-531
532,Cannot read properties of undefined (reading 'push'),katill532,Noida-sec-532
533,Cannot read properties of undefined (reading 'push'),katill533,Noida-sec-533
534,Cannot read properties of undefined (reading 'push'),katill534,Noida-sec-534
535,Cannot read properties of undefined (reading 'push'),katill535,Noida-sec-535
536,Cannot read properties of undefined (reading 'push'),katill536,Noida-sec-536
537,Cannot read properties of undefined (reading 'push'),katill537,Noida-sec-537
538,Cannot read properties of undefined (reading 'push'),katill538,Noida-sec-538
539,Cannot read properties of undefined (reading 'push'),katill539,Noida-sec-539
540,Cannot read properties of undefined (reading 'push'),katill540,Noida-sec-540
541,Cannot read properties of undefined (reading 'push'),katill541,Noida-sec-541
542,Cannot read properties of undefined (reading 'push'),katill542,Noida-sec-542
543,Cannot read properties of undefined (reading 'push'),katill543,Noida-sec-543
544,Cannot read properties of undefined (reading 'push'),katill544,Noida-sec-544
545,Cannot read properties of undefined (reading 'push'),katill545,Noida-sec-545
546,Cannot read properties of undefined (reading 'push'),katill546,Noida-sec-546
547,Cannot read properties of undefined (reading 'push'),katill547,Noida-sec-547
548,Cannot read properties of undefined (reading 'push'),katill548,Noida-sec-548
549,Cannot read properties of undefined (reading 'push'),katill549,Noida-sec-549
550,Cannot read properties of undefined (reading 'push'),katill550,Noida-sec-550
551,Cannot read properties of undefined (reading 'push'),katill551,Noida-sec-551
552,Cannot read properties of undefined (reading 'push'),katill552,Noida-sec-552
553,Cannot read properties of undefined (reading 'push'),katill553,Noida-sec-553
554,Cannot read properties of undefined (reading 'push'),katill554,Noida-sec-554
555,Cannot read properties of undefined (reading 'push'),katill555,Noida-sec-555
556,Cannot read properties of undefined (reading 'push'),katill556,Noida-sec-556
557,Cannot read properties of undefined (reading 'push'),katill557,Noida-sec-557
558,Cannot read properties of undefined (reading 'push'),katill558,Noida-sec-558
559,Cannot read properties of undefined (reading 'push'),katill559,Noida-sec-559
560,Cannot read properties of undefined (reading 'push'),katill560,Noida-sec-560
561,Cannot read properties of undefined (reading 'push'),katill561,Noida-sec-561
562,Cannot read properties of undefined (reading 'push'),katill562,Noida-sec-562
563,Cannot read properties of undefined (reading 'push'),katill563,Noida-sec-563
564,Cannot read properties of undefined (reading 'push'),katill564,Noida-sec-564
565,Cannot read properties of undefined (reading 'push'),katill565,Noida-sec-565
566,Cannot read properties of undefined (reading 'push'),katill566,Noida-sec-566
567,Cannot read properties of undefined (reading 'push'),katill567,Noida-sec-567
568,Cannot read properties of undefined (reading 'push'),katill568,Noida-sec-568
569,Cannot read properties of undefined (reading 'push'),katill569,Noida-sec-569
570,Cannot read properties of undefined (reading 'push'),katill570,Noida-sec-570
571,Cannot read properties of undefined (reading 'push'),katill571,Noida-sec-571
572,Cannot read properties of undefined (reading 'push'),katill572,Noida-sec-572
573,Cannot read properties of undefined (reading 'push'),katill573,Noida-sec-573
574,Cannot read properties of undefined (reading 'push'),katill574,Noida-sec-574
575,Cannot read properties of undefined (reading 'push'),katill575,Noida-sec-575
576,Cannot read properties of undefined (reading 'push'),katill576,Noida-sec-576
577,Cannot read properties of undefined (reading 'push'),katill577,Noida-sec-577
578,Cannot read properties of undefined (reading 'push'),katill578,Noida-sec-578
579,Cannot read properties of undefined (reading 'push'),katill579,Noida-sec-579
580,Cannot read properties of undefined (reading 'push'),katill580,Noida-sec-580
581,Cannot read properties of undefined (reading 'push'),katill581,Noida-sec-581
582,Cannot read properties of undefined (reading 'push'),katill582,Noida-sec-582
583,Cannot read properties of undefined (reading 'push'),katill583,Noida-sec-583
584,Cannot read properties of undefined (reading 'push'),katill584,Noida-sec-584
585,Cannot read properties of undefined (reading 'push'),katill585,Noida-sec-585
586,Cannot read properties of undefined (reading 'push'),katill586,Noida-sec-586
587,Cannot read properties of undefined (reading 'push'),katill587,Noida-sec-587
588,Cannot read properties of undefined (reading 'push'),katill588,Noida-sec-588
589,Cannot read properties of undefined (reading 'push'),katill589,Noida-sec-589
590,Cannot read properties of undefined (reading 'push'),katill590,Noida-sec-590
591,Cannot read properties of undefined (reading 'push'),katill591,Noida-sec-591
592,Cannot read properties of undefined (reading 'push'),katill592,Noida-sec-592
593,Cannot read properties of undefined (reading 'push'),katill593,Noida-sec-593
594,Cannot read properties of undefined (reading 'push'),katill594,Noida-sec-594
595,Cannot read properties of undefined (reading 'push'),katill595,Noida-sec-595
596,Cannot read properties of undefined (reading 'push'),katill596,Noida-sec-596
597,Cannot read properties of undefined (reading 'push'),katill597,Noida-sec-597
598,Cannot read properties of undefined (reading 'push'),katill598,Noida-sec-598
599,Cannot read properties of undefined (reading 'push'),katill599,Noida-sec-599
600,Cannot read properties of undefined (reading 'push'),katill600,Noida-sec-600
601,Cannot read properties of undefined (reading 'push'),katill601,Noida-sec-601
602,Cannot read properties of undefined (reading 'push'),katill602,Noida-sec-602
603,Cannot read properties of undefined (reading 'push'),katill603,Noida-sec-603
604,Cannot read properties of undefined (reading 'push'),katill604,Noida-sec-604
605,Cannot read properties of undefined (reading 'push'),katill605,Noida-sec-605
606,Cannot read properties of undefined (reading 'push'),katill606,Noida-sec-606
607,Cannot read properties of undefined (reading 'push'),katill607,Noida-sec-607
608,Cannot read properties of undefined (reading 'push'),katill608,Noida-sec-608
609,Cannot read properties of undefined (reading 'push'),katill609,Noida-sec-609
610,Cannot read properties of undefined (reading 'push'),katill610,Noida-sec-610
611,Cannot read properties of undefined (reading 'push'),katill611,Noida-sec-611
612,Cannot read properties of undefined (reading 'push'),katill612,Noida-sec-612
613,Cannot read properties of undefined (reading 'push'),katill613,Noida-sec-613
614,Cannot read properties of undefined (reading 'push'),katill614,Noida-sec-614
615,Cannot read properties of undefined (reading 'push'),katill615,Noida-sec-615
616,Cannot read properties of undefined (reading 'push'),katill616,Noida-sec-616
617,Cannot read properties of undefined (reading 'push'),katill617,Noida-sec-617
618,Cannot read properties of undefined (reading 'push'),katill618,Noida-sec-618
619,Cannot read properties of undefined (reading 'push'),katill619,Noida-sec-619
620,Cannot read properties of undefined (reading 'push'),katill620,Noida-sec-620
621,Cannot read properties of undefined (reading 'push'),katill621,Noida-sec-621
622,Cannot read properties of undefined (reading 'push'),katill622,Noida-sec-622
623,Cannot read properties of undefined (reading 'push'),katill623,Noida-sec-623
624,Cannot read properties of undefined (reading 'push'),katill624,Noida-sec-624
625,Cannot read properties of undefined (reading 'push'),katill625,Noida-sec-625
626,Cannot read properties of undefined (reading 'push'),katill626,Noida-sec-626
627,Cannot read properties of undefined (reading 'push'),katill627,Noida-sec-627
628,Cannot read properties of undefined (reading 'push'),katill628,Noida-sec-628
629,Cannot read properties of undefined (reading 'push'),katill629,Noida-sec-629
630,Cannot read properties of undefined (reading 'push'),katill630,Noida-sec-630
631,Cannot read properties of undefined (reading 'push'),katill631,Noida-sec-631
632,Cannot read properties of undefined (reading 'push'),katill632,Noida-sec-632
633,Cannot read properties of undefined (reading 'push'),katill633,Noida-sec-633
634,Cannot read properties of undefined (reading 'push'),katill634,Noida-sec-634
635,Cannot read properties of undefined (reading 'push'),katill635,Noida-sec-635
636,Cannot read properties of undefined (reading 'push'),katill636,Noida-sec-636
637,Cannot read properties of undefined (reading 'push'),katill637,Noida-sec-637
638,Cannot read properties of undefined (reading 'push'),katill638,Noida-sec-638
639,Cannot read properties of undefined (reading 'push'),katill639,Noida-sec-639
640,Cannot read properties of undefined (reading 'push'),katill640,Noida-sec-640
641,Cannot read properties of undefined (reading 'push'),katill641,Noida-sec-641
642,Cannot read properties of undefined (reading 'push'),katill642,Noida-sec-642
643,Cannot read properties of undefined (reading 'push'),katill643,Noida-sec-643
644,Cannot read properties of undefined (reading 'push'),katill644,Noida-sec-644
645,Cannot read properties of undefined (reading 'push'),katill645,Noida-sec-645
646,Cannot read properties of undefined (reading 'push'),katill646,Noida-sec-646
647,Cannot read properties of undefined (reading 'push'),katill647,Noida-sec-647
648,Cannot read properties of undefined (reading 'push'),katill648,Noida-sec-648
649,Cannot read properties of undefined (reading 'push'),katill649,Noida-sec-649
650,Cannot read properties of undefined (reading 'push'),katill650,Noida-sec-650
651,Cannot read properties of undefined (reading 'push'),katill651,Noida-sec-651
652,Cannot read properties of undefined (reading 'push'),katill652,Noida-sec-652
653,Cannot read properties of undefined (reading 'push'),katill653,Noida-sec-653
654,Cannot read properties of undefined (reading 'push'),katill654,Noida-sec-654
655,Cannot read properties of undefined (reading 'push'),katill655,Noida-sec-655
656,Cannot read properties of undefined (reading 'push'),katill656,Noida-sec-656
657,Cannot read properties of undefined (reading 'push'),katill657,Noida-sec-657
658,Cannot read properties of undefined (reading 'push'),katill658,Noida-sec-658
659,Cannot read properties of undefined (reading 'push'),katill659,Noida-sec-659
660,Cannot read properties of undefined (reading 'push'),katill660,Noida-sec-660
661,Cannot read properties of undefined (reading 'push'),katill661,Noida-sec-661
662,Cannot read properties of undefined (reading 'push'),katill662,Noida-sec-662
663,Cannot read properties of undefined (reading 'push'),katill663,Noida-sec-663
664,Cannot read properties of undefined (reading 'push'),katill664,Noida-sec-664
665,Cannot read properties of undefined (reading 'push'),katill665,Noida-sec-665
666,Cannot read properties of undefined (reading 'push'),katill666,Noida-sec-666
667,Cannot read properties of undefined (reading 'push'),katill667,Noida-sec-667
668,Cannot read properties of undefined (reading 'push'),katill668,Noida-sec-668
669,Cannot read properties of undefined (reading 'push'),katill669,Noida-sec-669
670,Cannot read properties of undefined (reading 'push'),katill670,Noida-sec-670
671,Cannot read properties of undefined (reading 'push'),katill671,Noida-sec-671
672,Cannot read properties of undefined (reading 'push'),katill672,Noida-sec-672
673,Cannot read properties of undefined (reading 'push'),katill673,Noida-sec-673
674,Cannot read properties of undefined (reading 'push'),katill674,Noida-sec-674
675,Cannot read properties of undefined (reading 'push'),katill675,Noida-sec-675
676,Cannot read properties of undefined (reading 'push'),katill676,Noida-sec-676
677,Cannot read properties of undefined (reading 'push'),katill677,Noida-sec-677
678,Cannot read properties of undefined (reading 'push'),katill678,Noida-sec-678
679,Cannot read properties of undefined (reading 'push'),katill679,Noida-sec-679
680,Cannot read properties of undefined (reading 'push'),katill680,Noida-sec-680
681,Cannot read properties of undefined (reading 'push'),katill681,Noida-sec-681
682,Cannot read properties of undefined (reading 'push'),katill682,Noida-sec-682
683,Cannot read properties of undefined (reading 'push'),katill683,Noida-sec-683
684,Cannot read properties of undefined (reading 'push'),katill684,Noida-sec-684
685,Cannot read properties of undefined (reading 'push'),katill685,Noida-sec-685
686,Cannot read properties of undefined (reading 'push'),katill686,Noida-sec-686
687,Cannot read properties of undefined (reading 'push'),katill687,Noida-sec-687
688,Cannot read properties of undefined (reading 'push'),katill688,Noida-sec-688
689,Cannot read properties of undefined (reading 'push'),katill689,Noida-sec-689
690,Cannot read properties of undefined (reading 'push'),katill690,Noida-sec-690
691,Cannot read properties of undefined (reading 'push'),katill691,Noida-sec-691
692,Cannot read properties of undefined (reading 'push'),katill692,Noida-sec-692
693,Cannot read properties of undefined (reading 'push'),katill693,Noida-sec-693
694,Cannot read properties of undefined (reading 'push'),katill694,Noida-sec-694
695,Cannot read properties of undefined (reading 'push'),katill695,Noida-sec-695
696,Cannot read properties of undefined (reading 'push'),katill696,Noida-sec-696
697,Cannot read properties of undefined (reading 'push'),katill697,Noida-sec-697
698,Cannot read properties of undefined (reading 'push'),katill698,Noida-sec-698
699,Cannot read properties of undefined (reading 'push'),katill699,Noida-sec-699
700,Cannot read properties of undefined (reading 'push'),katill700,Noida-sec-700
701,Cannot read properties of undefined (reading 'push'),katill701,Noida-sec-701
702,Cannot read properties of undefined (reading 'push'),katill702,Noida-sec-702
703,Cannot read properties of undefined (reading 'push'),katill703,Noida-sec-703
704,Cannot read properties of undefined (reading 'push'),katill704,Noida-sec-704
705,Cannot read properties of undefined (reading 'push'),katill705,Noida-sec-705
706,Cannot read properties of undefined (reading 'push'),katill706,Noida-sec-706
707,Cannot read properties of undefined (reading 'push'),katill707,Noida-sec-707
708,Cannot read properties of undefined (reading 'push'),katill708,Noida-sec-708
709,Cannot read properties of undefined (reading 'push'),katill709,Noida-sec-709
710,Cannot read properties of undefined (reading 'push'),katill710,Noida-sec-710
711,Cannot read properties of undefined (reading 'push'),katill711,Noida-sec-711
712,Cannot read properties of undefined (reading 'push'),katill712,Noida-sec-712
713,Cannot read properties of undefined (reading 'push'),katill713,Noida-sec-713
714,Cannot read properties of undefined (reading 'push'),katill714,Noida-sec-714
715,Cannot read properties of undefined (reading 'push'),katill715,Noida-sec-715
716,Cannot read properties of undefined (reading 'push'),katill716,Noida-sec-716
717,Cannot read properties of undefined (reading 'push'),katill717,Noida-sec-717
718,Cannot read properties of undefined (reading 'push'),katill718,Noida-sec-718
719,Cannot read properties of undefined (reading 'push'),katill719,Noida-sec-719
720,Cannot read properties of undefined (reading 'push'),katill720,Noida-sec-720
721,Cannot read properties of undefined (reading 'push'),katill721,Noida-sec-721
722,Cannot read properties of undefined (reading 'push'),katill722,Noida-sec-722
723,Cannot read properties of undefined (reading 'push'),katill723,Noida-sec-723
724,Cannot read properties of undefined (reading 'push'),katill724,Noida-sec-724
725,Cannot read properties of undefined (reading 'push'),katill725,Noida-sec-725
726,Cannot read properties of undefined (reading 'push'),katill726,Noida-sec-726
727,Cannot read properties of undefined (reading 'push'),katill727,Noida-sec-727
728,Cannot read properties of undefined (reading 'push'),katill728,Noida-sec-728
729,Cannot read properties of undefined (reading 'push'),katill729,Noida-sec-729
730,Cannot read properties of undefined (reading 'push'),katill730,Noida-sec-730
731,Cannot read properties of undefined (reading 'push'),katill731,Noida-sec-731
732,Cannot read properties of undefined (reading 'push'),katill732,Noida-sec-732
733,Cannot read properties of undefined (reading 'push'),katill733,Noida-sec-733
734,Cannot read properties of undefined (reading 'push'),katill734,Noida-sec-734
735,Cannot read properties of undefined (reading 'push'),katill735,Noida-sec-735
736,Cannot read properties of undefined (reading 'push'),katill736,Noida-sec-736
737,Cannot read properties of undefined (reading 'push'),katill737,Noida-sec-737
738,Cannot read properties of undefined (reading 'push'),katill738,Noida-sec-738
739,Cannot read properties of undefined (reading 'push'),katill739,Noida-sec-739
740,Cannot read properties of undefined (reading 'push'),katill740,Noida-sec-740
741,Cannot read properties of undefined (reading 'push'),katill741,Noida-sec-741
742,Cannot read properties of undefined (reading 'push'),katill742,Noida-sec-742
743,Cannot read properties of undefined (reading 'push'),katill743,Noida-sec-743
744,Cannot read properties of undefined (reading 'push'),katill744,Noida-sec-744
745,Cannot read properties of undefined (reading 'push'),katill745,Noida-sec-745
746,Cannot read properties of undefined (reading 'push'),katill746,Noida-sec-746
747,Cannot read properties of undefined (reading 'push'),katill747,Noida-sec-747
748,Cannot read properties of undefined (reading 'push'),katill748,Noida-sec-748
749,Cannot read properties of undefined (reading 'push'),katill749,Noida-sec-749
750,Cannot read properties of undefined (reading 'push'),katill750,Noida-sec-750
751,Cannot read properties of undefined (reading 'push'),katill751,Noida-sec-751
752,Cannot read properties of undefined (reading 'push'),katill752,Noida-sec-752
753,Cannot read properties of undefined (reading 'push'),katill753,Noida-sec-753
754,Cannot read properties of undefined (reading 'push'),katill754,Noida-sec-754
755,Cannot read properties of undefined (reading 'push'),katill755,Noida-sec-755
756,Cannot read properties of undefined (reading 'push'),katill756,Noida-sec-756
757,Cannot read properties of undefined (reading 'push'),katill757,Noida-sec-757
758,Cannot read properties of undefined (reading 'push'),katill758,Noida-sec-758
759,Cannot read properties of undefined (reading 'push'),katill759,Noida-sec-759
760,Cannot read properties of undefined (reading 'push'),katill760,Noida-sec-760
761,Cannot read properties of undefined (reading 'push'),katill761,Noida-sec-761
762,Cannot read properties of undefined (reading 'push'),katill762,Noida-sec-762
763,Cannot read properties of undefined (reading 'push'),katill763,Noida-sec-763
764,Cannot read properties of undefined (reading 'push'),katill764,Noida-sec-764
765,Cannot read properties of undefined (reading 'push'),katill765,Noida-sec-765
766,Cannot read properties of undefined (reading 'push'),katill766,Noida-sec-766
767,Cannot read properties of undefined (reading 'push'),katill767,Noida-sec-767
768,Cannot read properties of undefined (reading 'push'),katill768,Noida-sec-768
769,Cannot read properties of undefined (reading 'push'),katill769,Noida-sec-769
770,Cannot read properties of undefined (reading 'push'),katill770,Noida-sec-770
771,Cannot read properties of undefined (reading 'push'),katill771,Noida-sec-771
772,Cannot read properties of undefined (reading 'push'),katill772,Noida-sec-772
773,Cannot read properties of undefined (reading 'push'),katill773,Noida-sec-773
774,Cannot read properties of undefined (reading 'push'),katill774,Noida-sec-774
775,Cannot read properties of undefined (reading 'push'),katill775,Noida-sec-775
776,Cannot read properties of undefined (reading 'push'),katill776,Noida-sec-776
777,Cannot read properties of undefined (reading 'push'),katill777,Noida-sec-777
778,Cannot read properties of undefined (reading 'push'),katill778,Noida-sec-778
779,Cannot read properties of undefined (reading 'push'),katill779,Noida-sec-779
780,Cannot read properties of undefined (reading 'push'),katill780,Noida-sec-780
781,Cannot read properties of undefined (reading 'push'),katill781,Noida-sec-781
782,Cannot read properties of undefined (reading 'push'),katill782,Noida-sec-782
783,Cannot read properties of undefined (reading 'push'),katill783,Noida-sec-783
784,Cannot read properties of undefined (reading 'push'),katill784,Noida-sec-784
785,Cannot read properties of undefined (reading 'push'),katill785,Noida-sec-785
786,Cannot read properties of undefined (reading 'push'),katill786,Noida-sec-786
787,Cannot read properties of undefined (reading 'push'),katill787,Noida-sec-787
788,Cannot read properties of undefined (reading 'push'),katill788,Noida-sec-788
789,Cannot read properties of undefined (reading 'push'),katill789,Noida-sec-789
790,Cannot read properties of undefined (reading 'push'),katill790,Noida-sec-790
791,Cannot read properties of undefined (reading 'push'),katill791,Noida-sec-791
792,Cannot read properties of undefined (reading 'push'),katill792,Noida-sec-792
793,Cannot read properties of undefined (reading 'push'),katill793,Noida-sec-793
794,Cannot read properties of undefined (reading 'push'),katill794,Noida-sec-794
795,Cannot read properties of undefined (reading 'push'),katill795,Noida-sec-795
796,Cannot read properties of undefined (reading 'push'),katill796,Noida-sec-796
797,Cannot read properties of undefined (reading 'push'),katill797,Noida-sec-797
798,Cannot read properties of undefined (reading 'push'),katill798,Noida-sec-798
799,Cannot read properties of undefined (reading 'push'),katill799,Noida-sec-799
800,Cannot read properties of undefined (reading 'push'),katill800,Noida-sec-800
801,Cannot read properties of undefined (reading 'push'),katill801,Noida-sec-801
802,Cannot read properties of undefined (reading 'push'),katill802,Noida-sec-802
803,Cannot read properties of undefined (reading 'push'),katill803,Noida-sec-803
804,Cannot read properties of undefined (reading 'push'),katill804,Noida-sec-804
805,Cannot read properties of undefined (reading 'push'),katill805,Noida-sec-805
806,Cannot read properties of undefined (reading 'push'),katill806,Noida-sec-806
807,Cannot read properties of undefined (reading 'push'),katill807,Noida-sec-807
808,Cannot read properties of undefined (reading 'push'),katill808,Noida-sec-808
809,Cannot read properties of undefined (reading 'push'),katill809,Noida-sec-809
810,Cannot read properties of undefined (reading 'push'),katill810,Noida-sec-810
811,Cannot read properties of undefined (reading 'push'),katill811,Noida-sec-811
812,Cannot read properties of undefined (reading 'push'),katill812,Noida-sec-812
813,Cannot read properties of undefined (reading 'push'),katill813,Noida-sec-813
814,Cannot read properties of undefined (reading 'push'),katill814,Noida-sec-814
815,Cannot read properties of undefined (reading 'push'),katill815,Noida-sec-815
816,Cannot read properties of undefined (reading 'push'),katill816,Noida-sec-816
817,Cannot read properties of undefined (reading 'push'),katill817,Noida-sec-817
818,Cannot read properties of undefined (reading 'push'),katill818,Noida-sec-818
819,Cannot read properties of undefined (reading 'push'),katill819,Noida-sec-819
820,Cannot read properties of undefined (reading 'push'),katill820,Noida-sec-820
821,Cannot read properties of undefined (reading 'push'),katill821,Noida-sec-821
822,Cannot read properties of undefined (reading 'push'),katill822,Noida-sec-822
823,Cannot read properties of undefined (reading 'push'),katill823,Noida-sec-823
824,Cannot read properties of undefined (reading 'push'),katill824,Noida-sec-824
825,Cannot read properties of undefined (reading 'push'),katill825,Noida-sec-825
826,Cannot read properties of undefined (reading 'push'),katill826,Noida-sec-826
827,Cannot read properties of undefined (reading 'push'),katill827,Noida-sec-827
828,Cannot read properties of undefined (reading 'push'),katill828,Noida-sec-828
829,Cannot read properties of undefined (reading 'push'),katill829,Noida-sec-829
830,Cannot read properties of undefined (reading 'push'),katill830,Noida-sec-830
831,Cannot read properties of undefined (reading 'push'),katill831,Noida-sec-831
832,Cannot read properties of undefined (reading 'push'),katill832,Noida-sec-832
833,Cannot read properties of undefined (reading 'push'),katill833,Noida-sec-833
834,Cannot read properties of undefined (reading 'push'),katill834,Noida-sec-834
835,Cannot read properties of undefined (reading 'push'),katill835,Noida-sec-835
836,Cannot read properties of undefined (reading 'push'),katill836,Noida-sec-836
837,Cannot read properties of undefined (reading 'push'),katill837,Noida-sec-837
838,Cannot read properties of undefined (reading 'push'),katill838,Noida-sec-838
839,Cannot read properties of undefined (reading 'push'),katill839,Noida-sec-839
840,Cannot read properties of undefined (reading 'push'),katill840,Noida-sec-840
841,Cannot read properties of undefined (reading 'push'),katill841,Noida-sec-841
842,Cannot read properties of undefined (reading 'push'),katill842,Noida-sec-842
843,Cannot read properties of undefined (reading 'push'),katill843,Noida-sec-843
844,Cannot read properties of undefined (reading 'push'),katill844,Noida-sec-844
845,Cannot read properties of undefined (reading 'push'),katill845,Noida-sec-845
846,Cannot read properties of undefined (reading 'push'),katill846,Noida-sec-846
847,Cannot read properties of undefined (reading 'push'),katill847,Noida-sec-847
848,Cannot read properties of undefined (reading 'push'),katill848,Noida-sec-848
849,Cannot read properties of undefined (reading 'push'),katill849,Noida-sec-849
850,Cannot read properties of undefined (reading 'push'),katill850,Noida-sec-850
851,Cannot read properties of undefined (reading 'push'),katill851,Noida-sec-851
852,Cannot read properties of undefined (reading 'push'),katill852,Noida-sec-852
853,Cannot read properties of undefined (reading 'push'),katill853,Noida-sec-853
854,Cannot read properties of undefined (reading 'push'),katill854,Noida-sec-854
855,Cannot read properties of undefined (reading 'push'),katill855,Noida-sec-855
856,Cannot read properties of undefined (reading 'push'),katill856,Noida-sec-856
857,Cannot read properties of undefined (reading 'push'),katill857,Noida-sec-857
858,Cannot read properties of undefined (reading 'push'),katill858,Noida-sec-858
859,Cannot read properties of undefined (reading 'push'),katill859,Noida-sec-859
860,Cannot read properties of undefined (reading 'push'),katill860,Noida-sec-860
861,Cannot read properties of undefined (reading 'push'),katill861,Noida-sec-861
862,Cannot read properties of undefined (reading 'push'),katill862,Noida-sec-862
863,Cannot read properties of undefined (reading 'push'),katill863,Noida-sec-863
864,Cannot read properties of undefined (reading 'push'),katill864,Noida-sec-864
865,Cannot read properties of undefined (reading 'push'),katill865,Noida-sec-865
866,Cannot read properties of undefined (reading 'push'),katill866,Noida-sec-866
867,Cannot read properties of undefined (reading 'push'),katill867,Noida-sec-867
868,Cannot read properties of undefined (reading 'push'),katill868,Noida-sec-868
869,Cannot read properties of undefined (reading 'push'),katill869,Noida-sec-869
870,Cannot read properties of undefined (reading 'push'),katill870,Noida-sec-870
871,Cannot read properties of undefined (reading 'push'),katill871,Noida-sec-871
872,Cannot read properties of undefined (reading 'push'),katill872,Noida-sec-872
873,Cannot read properties of undefined (reading 'push'),katill873,Noida-sec-873
874,Cannot read properties of undefined (reading 'push'),katill874,Noida-sec-874
875,Cannot read properties of undefined (reading 'push'),katill875,Noida-sec-875
876,Cannot read properties of undefined (reading 'push'),katill876,Noida-sec-876
877,Cannot read properties of undefined (reading 'push'),katill877,Noida-sec-877
878,Cannot read properties of undefined (reading 'push'),katill878,Noida-sec-878
879,Cannot read properties of undefined (reading 'push'),katill879,Noida-sec-879
880,Cannot read properties of undefined (reading 'push'),katill880,Noida-sec-880
881,Cannot read properties of undefined (reading 'push'),katill881,Noida-sec-881
882,Cannot read properties of undefined (reading 'push'),katill882,Noida-sec-882
883,Cannot read properties of undefined (reading 'push'),katill883,Noida-sec-883
884,Cannot read properties of undefined (reading 'push'),katill884,Noida-sec-884
885,Cannot read properties of undefined (reading 'push'),katill885,Noida-sec-885
886,Cannot read properties of undefined (reading 'push'),katill886,Noida-sec-886
887,Cannot read properties of undefined (reading 'push'),katill887,Noida-sec-887
888,Cannot read properties of undefined (reading 'push'),katill888,Noida-sec-888
889,Cannot read properties of undefined (reading 'push'),katill889,Noida-sec-889
890,Cannot read properties of undefined (reading 'push'),katill890,Noida-sec-890
891,Cannot read properties of undefined (reading 'push'),katill891,Noida-sec-891
892,Cannot read properties of undefined (reading 'push'),katill892,Noida-sec-892
893,Cannot read properties of undefined (reading 'push'),katill893,Noida-sec-893
894,Cannot read properties of undefined (reading 'push'),katill894,Noida-sec-894
895,Cannot read properties of undefined (reading 'push'),katill895,Noida-sec-895
896,Cannot read properties of undefined (reading 'push'),katill896,Noida-sec-896
897,Cannot read properties of undefined (reading 'push'),katill897,Noida-sec-897
898,Cannot read properties of undefined (reading 'push'),katill898,Noida-sec-898
899,Cannot read properties of undefined (reading 'push'),katill899,Noida-sec-899
900,Cannot read properties of undefined (reading 'push'),katill900,Noida-sec-900
901,Cannot read properties of undefined (reading 'push'),katill901,Noida-sec-901
902,Cannot read properties of undefined (reading 'push'),katill902,Noida-sec-902
903,Cannot read properties of undefined (reading 'push'),katill903,Noida-sec-903
904,Cannot read properties of undefined (reading 'push'),katill904,Noida-sec-904
905,Cannot read properties of undefined (reading 'push'),katill905,Noida-sec-905
906,Cannot read properties of undefined (reading 'push'),katill906,Noida-sec-906
907,Cannot read properties of undefined (reading 'push'),katill907,Noida-sec-907
908,Cannot read properties of undefined (reading 'push'),katill908,Noida-sec-908
909,Cannot read properties of undefined (reading 'push'),katill909,Noida-sec-909
910,Cannot read properties of undefined (reading 'push'),katill910,Noida-sec-910
911,Cannot read properties of undefined (reading 'push'),katill911,Noida-sec-911
912,Cannot read properties of undefined (reading 'push'),katill912,Noida-sec-912
913,Cannot read properties of undefined (reading 'push'),katill913,Noida-sec-913
914,Cannot read properties of undefined (reading 'push'),katill914,Noida-sec-914
915,Cannot read properties of undefined (reading 'push'),katill915,Noida-sec-915
916,Cannot read properties of undefined (reading 'push'),katill916,Noida-sec-916
917,Cannot read properties of undefined (reading 'push'),katill917,Noida-sec-917
918,Cannot read properties of undefined (reading 'push'),katill918,Noida-sec-918
919,Cannot read properties of undefined (reading 'push'),katill919,Noida-sec-919
920,Cannot read properties of undefined (reading 'push'),katill920,Noida-sec-920
921,Cannot read properties of undefined (reading 'push'),katill921,Noida-sec-921
922,Cannot read properties of undefined (reading 'push'),katill922,Noida-sec-922
923,Cannot read properties of undefined (reading 'push'),katill923,Noida-sec-923
924,Cannot read properties of undefined (reading 'push'),katill924,Noida-sec-924
925,Cannot read properties of undefined (reading 'push'),katill925,Noida-sec-925
926,Cannot read properties of undefined (reading 'push'),katill926,Noida-sec-926
927,Cannot read properties of undefined (reading 'push'),katill927,Noida-sec-927
928,Cannot read properties of undefined (reading 'push'),katill928,Noida-sec-928
929,Cannot read properties of undefined (reading 'push'),katill929,Noida-sec-929
930,Cannot read properties of undefined (reading 'push'),katill930,Noida-sec-930
931,Cannot read properties of undefined (reading 'push'),katill931,Noida-sec-931
932,Cannot read properties of undefined (reading 'push'),katill932,Noida-sec-932
933,Cannot read properties of undefined (reading 'push'),katill933,Noida-sec-933
934,Cannot read properties of undefined (reading 'push'),katill934,Noida-sec-934
935,Cannot read properties of undefined (reading 'push'),katill935,Noida-sec-935
936,Cannot read properties of undefined (reading 'push'),katill936,Noida-sec-936
937,Cannot read properties of undefined (reading 'push'),katill937,Noida-sec-937
938,Cannot read properties of undefined (reading 'push'),katill938,Noida-sec-938
939,Cannot read properties of undefined (reading 'push'),katill939,Noida-sec-939
940,Cannot read properties of undefined (reading 'push'),katill940,Noida-sec-940
941,Cannot read properties of undefined (reading 'push'),katill941,Noida-sec-941
942,Cannot read properties of undefined (reading 'push'),katill942,Noida-sec-942
943,Cannot read properties of undefined (reading 'push'),katill943,Noida-sec-943
944,Cannot read properties of undefined (reading 'push'),katill944,Noida-sec-944
945,Cannot read properties of undefined (reading 'push'),katill945,Noida-sec-945
946,Cannot read properties of undefined (reading 'push'),katill946,Noida-sec-946
947,Cannot read properties of undefined (reading 'push'),katill947,Noida-sec-947
948,Cannot read properties of undefined (reading 'push'),katill948,Noida-sec-948
949,Cannot read properties of undefined (reading 'push'),katill949,Noida-sec-949
950,Cannot read properties of undefined (reading 'push'),katill950,Noida-sec-950
951,Cannot read properties of undefined (reading 'push'),katill951,Noida-sec-951
952,Cannot read properties of undefined (reading 'push'),katill952,Noida-sec-952
953,Cannot read properties of undefined (reading 'push'),katill953,Noida-sec-953
954,Cannot read properties of undefined (reading 'push'),katill954,Noida-sec-954
955,Cannot read properties of undefined (reading 'push'),katill955,Noida-sec-955
956,Cannot read properties of undefined (reading 'push'),katill956,Noida-sec-956
957,Cannot read properties of undefined (reading 'push'),katill957,Noida-sec-957
958,Cannot read properties of undefined (reading 'push'),katill958,Noida-sec-958
959,Cannot read properties of undefined (reading 'push'),katill959,Noida-sec-959
960,Cannot read properties of undefined (reading 'push'),katill960,Noida-sec-960
961,Cannot read properties of undefined (reading 'push'),katill961,Noida-sec-961
962,Cannot read properties of undefined (reading 'push'),katill962,Noida-sec-962
963,Cannot read properties of undefined (reading 'push'),katill963,Noida-sec-963
964,Cannot read properties of undefined (reading 'push'),katill964,Noida-sec-964
965,Cannot read properties of undefined (reading 'push'),katill965,Noida-sec-965
966,Cannot read properties of undefined (reading 'push'),katill966,Noida-sec-966
967,Cannot read properties of undefined (reading 'push'),katill967,Noida-sec-967
968,Cannot read properties of undefined (reading 'push'),katill968,Noida-sec-968
969,Cannot read properties of undefined (reading 'push'),katill969,Noida-sec-969
970,Cannot read properties of undefined (reading 'push'),katill970,Noida-sec-970
971,Cannot read properties of undefined (reading 'push'),katill971,Noida-sec-971
972,Cannot read properties of undefined (reading 'push'),katill972,Noida-sec-972
973,Cannot read properties of undefined (reading 'push'),katill973,Noida-sec-973
974,Cannot read properties of undefined (reading 'push'),katill974,Noida-sec-974
975,Cannot read properties of undefined (reading 'push'),katill975,Noida-sec-975
976,Cannot read properties of undefined (reading 'push'),katill976,Noida-sec-976
977,Cannot read properties of undefined (reading 'push'),katill977,Noida-sec-977
978,Cannot read properties of undefined (reading 'push'),katill978,Noida-sec-978
979,Cannot read properties of undefined (reading 'push'),katill979,Noida-sec-979
980,Cannot read properties of undefined (reading 'push'),katill980,Noida-sec-980
981,Cannot read properties of undefined (reading 'push'),katill981,Noida-sec-981
982,Cannot read properties of undefined (reading 'push'),katill982,Noida-sec-982
983,Cannot read properties of undefined (reading 'push'),katill983,Noida-sec-983
984,Cannot read properties of undefined (reading 'push'),katill984,Noida-sec-984
985,Cannot read properties of undefined (reading 'push'),katill985,Noida-sec-985
986,Cannot read properties of undefined (reading 'push'),katill986,Noida-sec-986
987,Cannot read properties of undefined (reading 'push'),katill987,Noida-sec-987
988,Cannot read properties of undefined (reading 'push'),katill988,Noida-sec-988
989,Cannot read properties of undefined (reading 'push'),katill989,Noida-sec-989
990,Cannot read properties of undefined (reading 'push'),katill990,Noida-sec-990
991,Cannot read properties of undefined (reading 'push'),katill991,Noida-sec-991
992,Cannot read properties of undefined (reading 'push'),katill992,Noida-sec-992
993,Cannot read properties of undefined (reading 'push'),katill993,Noida-sec-993
994,Cannot read properties of undefined (reading 'push'),katill994,Noida-sec-994
995,Cannot read properties of undefined (reading 'push'),katill995,Noida-sec-995
996,Cannot read properties of undefined (reading 'push'),katill996,Noida-sec-996
997,Cannot read properties of undefined (reading 'push'),katill997,Noida-sec-997
998,Cannot read properties of undefined (reading 'push'),katill998,Noida-sec-998
999,Cannot read properties of undefined (reading 'push'),katill999,Noida-sec-999
1000,Cannot read properties of undefined (reading 'push'),katill1000,Noida-sec-1000
1001,Cannot read properties of undefined (reading 'push'),katill1001,Noida-sec-1001
1002,Cannot read properties of undefined (reading 'push'),katill1002,Noida-sec-1002
1003,Cannot read properties of undefined (reading 'push'),katill1003,Noida-sec-1003
1004,Cannot read properties of undefined (reading 'push'),katill1004,Noida-sec-1004
1005,Cannot read properties of undefined (reading 'push'),katill1005,Noida-sec-1005
1006,Cannot read properties of undefined (reading 'push'),katill1006,Noida-sec-1006
1007,Cannot read properties of undefined (reading 'push'),katill1007,Noida-sec-1007
1008,Cannot read properties of undefined (reading 'push'),katill1008,Noida-sec-1008
1009,Cannot read properties of undefined (reading 'push'),katill1009,Noida-sec-1009
1010,Cannot read properties of undefined (reading 'push'),katill1010,Noida-sec-1010
1011,Cannot read properties of undefined (reading 'push'),katill1011,Noida-sec-1011
1012,Cannot read properties of undefined (reading 'push'),katill1012,Noida-sec-1012
1013,Cannot read properties of undefined (reading 'push'),katill1013,Noida-sec-1013
1014,Cannot read properties of undefined (reading 'push'),katill1014,Noida-sec-1014
1015,Cannot read properties of undefined (reading 'push'),katill1015,Noida-sec-1015
1016,Cannot read properties of undefined (reading 'push'),katill1016,Noida-sec-1016
1017,Cannot read properties of undefined (reading 'push'),katill1017,Noida-sec-1017
1018,Cannot read properties of undefined (reading 'push'),katill1018,Noida-sec-1018
1019,Cannot read properties of undefined (reading 'push'),katill1019,Noida-sec-1019
1020,Cannot read properties of undefined (reading 'push'),katill1020,Noida-sec-1020
1021,Cannot read properties of undefined (reading 'push'),katill1021,Noida-sec-1021
1022,Cannot read properties of undefined (reading 'push'),katill1022,Noida-sec-1022
1023,Cannot read properties of undefined (reading 'push'),katill1023,Noida-sec-1023
1024,Cannot read properties of undefined (reading 'push'),katill1024,Noida-sec-1024
1025,Cannot read properties of undefined (reading 'push'),katill1025,Noida-sec-1025
1026,Cannot read properties of undefined (reading 'push'),katill1026,Noida-sec-1026
1027,Cannot read properties of undefined (reading 'push'),katill1027,Noida-sec-1027
1028,Cannot read properties of undefined (reading 'push'),katill1028,Noida-sec-1028
1029,Cannot read properties of undefined (reading 'push'),katill1029,Noida-sec-1029
1030,Cannot read properties of undefined (reading 'push'),katill1030,Noida-sec-1030
1031,Cannot read properties of undefined (reading 'push'),katill1031,Noida-sec-1031
1032,Cannot read properties of undefined (reading 'push'),katill1032,Noida-sec-1032
1033,Cannot read properties of undefined (reading 'push'),katill1033,Noida-sec-1033
1034,Cannot read properties of undefined (reading 'push'),katill1034,Noida-sec-1034
1035,Cannot read properties of undefined (reading 'push'),katill1035,Noida-sec-1035
1036,Cannot read properties of undefined (reading 'push'),katill1036,Noida-sec-1036
1037,Cannot read properties of undefined (reading 'push'),katill1037,Noida-sec-1037
1038,Cannot read properties of undefined (reading 'push'),katill1038,Noida-sec-1038
1039,Cannot read properties of undefined (reading 'push'),katill1039,Noida-sec-1039
1040,Cannot read properties of undefined (reading 'push'),katill1040,Noida-sec-1040
1041,Cannot read properties of undefined (reading 'push'),katill1041,Noida-sec-1041
1042,Cannot read properties of undefined (reading 'push'),katill1042,Noida-sec-1042
1043,Cannot read properties of undefined (reading 'push'),katill1043,Noida-sec-1043
1044,Cannot read properties of undefined (reading 'push'),katill1044,Noida-sec-1044
1045,Cannot read properties of undefined (reading 'push'),katill1045,Noida-sec-1045
1046,Cannot read properties of undefined (reading 'push'),katill1046,Noida-sec-1046
1047,Cannot read properties of undefined (reading 'push'),katill1047,Noida-sec-1047
1048,Cannot read properties of undefined (reading 'push'),katill1048,Noida-sec-1048
1049,Cannot read properties of undefined (reading 'push'),katill1049,Noida-sec-1049